seed,frames,policy,phase,hits,faults,hit_ratio
0,16,FIFO,before,4143,5857,0.4143
0,16,FIFO,after,3495,6505,0.3495
0,16,LRU,before,4811,5189,0.4811
0,16,LRU,after,3501,6499,0.3501
0,16,OPT,before,6704,3296,0.6704
0,16,OPT,after,4970,5030,0.497
0,16,Learned-static,before,6245,3755,0.6245
0,16,Learned-static,after,2165,7835,0.2165
0,16,Learned-adaptive,before,6193,3807,0.6193
0,16,Learned-adaptive,after,3034,6966,0.3034
1,16,FIFO,before,4093,5907,0.4093
1,16,FIFO,after,3399,6601,0.3399
1,16,LRU,before,4757,5243,0.4757
1,16,LRU,after,3416,6584,0.3416
1,16,OPT,before,6652,3348,0.6652
1,16,OPT,after,4917,5083,0.4917
1,16,Learned-static,before,6130,3870,0.613
1,16,Learned-static,after,2148,7852,0.2148
1,16,Learned-adaptive,before,6122,3878,0.6122
1,16,Learned-adaptive,after,2950,7050,0.295
2,16,FIFO,before,4116,5884,0.4116
2,16,FIFO,after,3402,6598,0.3402
2,16,LRU,before,4796,5204,0.4796
2,16,LRU,after,3418,6582,0.3418
2,16,OPT,before,6681,3319,0.6681
2,16,OPT,after,4887,5113,0.4887
2,16,Learned-static,before,6149,3851,0.6149
2,16,Learned-static,after,2136,7864,0.2136
2,16,Learned-adaptive,before,6201,3799,0.6201
2,16,Learned-adaptive,after,3047,6953,0.3047
3,16,FIFO,before,4116,5884,0.4116
3,16,FIFO,after,3476,6524,0.3476
3,16,LRU,before,4815,5185,0.4815
3,16,LRU,after,3493,6507,0.3493
3,16,OPT,before,6686,3314,0.6686
3,16,OPT,after,4979,5021,0.4979
3,16,Learned-static,before,6249,3751,0.6249
3,16,Learned-static,after,2149,7851,0.2149
3,16,Learned-adaptive,before,6419,3581,0.6419
3,16,Learned-adaptive,after,3174,6826,0.3174
4,16,FIFO,before,4096,5904,0.4096
4,16,FIFO,after,3293,6707,0.3293
4,16,LRU,before,4749,5251,0.4749
4,16,LRU,after,3303,6697,0.3303
4,16,OPT,before,6666,3334,0.6666
4,16,OPT,after,4837,5163,0.4837
4,16,Learned-static,before,6208,3792,0.6208
4,16,Learned-static,after,2071,7929,0.2071
4,16,Learned-adaptive,before,6251,3749,0.6251
4,16,Learned-adaptive,after,2760,7240,0.276
5,16,FIFO,before,4184,5816,0.4184
5,16,FIFO,after,3601,6399,0.3601
5,16,LRU,before,4817,5183,0.4817
5,16,LRU,after,3618,6382,0.3618
5,16,OPT,before,6732,3268,0.6732
5,16,OPT,after,5086,4914,0.5086
5,16,Learned-static,before,6306,3694,0.6306
5,16,Learned-static,after,2251,7749,0.2251
5,16,Learned-adaptive,before,6232,3768,0.6232
5,16,Learned-adaptive,after,3341,6659,0.3341
6,16,FIFO,before,4246,5754,0.4246
6,16,FIFO,after,3262,6738,0.3262
6,16,LRU,before,4934,5066,0.4934
6,16,LRU,after,3280,6720,0.328
6,16,OPT,before,6751,3249,0.6751
6,16,OPT,after,4823,5177,0.4823
6,16,Learned-static,before,6276,3724,0.6276
6,16,Learned-static,after,2043,7957,0.2043
6,16,Learned-adaptive,before,6386,3614,0.6386
6,16,Learned-adaptive,after,2530,7470,0.253
7,16,FIFO,before,4122,5878,0.4122
7,16,FIFO,after,3322,6678,0.3322
7,16,LRU,before,4789,5211,0.4789
7,16,LRU,after,3331,6669,0.3331
7,16,OPT,before,6663,3337,0.6663
7,16,OPT,after,4865,5135,0.4865
7,16,Learned-static,before,6141,3859,0.6141
7,16,Learned-static,after,2036,7964,0.2036
7,16,Learned-adaptive,before,6075,3925,0.6075
7,16,Learned-adaptive,after,2940,7060,0.294
8,16,FIFO,before,4098,5902,0.4098
8,16,FIFO,after,3202,6798,0.3202
8,16,LRU,before,4739,5261,0.4739
8,16,LRU,after,3210,6790,0.321
8,16,OPT,before,6659,3341,0.6659
8,16,OPT,after,4783,5217,0.4783
8,16,Learned-static,before,6228,3772,0.6228
8,16,Learned-static,after,2086,7914,0.2086
8,16,Learned-adaptive,before,6253,3747,0.6253
8,16,Learned-adaptive,after,2689,7311,0.2689
9,16,FIFO,before,4188,5812,0.4188
9,16,FIFO,after,3349,6651,0.3349
9,16,LRU,before,4830,5170,0.483
9,16,LRU,after,3353,6647,0.3353
9,16,OPT,before,6725,3275,0.6725
9,16,OPT,after,4847,5153,0.4847
9,16,Learned-static,before,6250,3750,0.625
9,16,Learned-static,after,2129,7871,0.2129
9,16,Learned-adaptive,before,6234,3766,0.6234
9,16,Learned-adaptive,after,2784,7216,0.2784
0,32,FIFO,before,5284,4716,0.5284
0,32,FIFO,after,3919,6081,0.3919
0,32,LRU,before,6082,3918,0.6082
0,32,LRU,after,3942,6058,0.3942
0,32,OPT,before,7116,2884,0.7116
0,32,OPT,after,5963,4037,0.5963
0,32,Learned-static,before,6740,3260,0.674
0,32,Learned-static,after,3542,6458,0.3542
0,32,Learned-adaptive,before,6922,3078,0.6922
0,32,Learned-adaptive,after,3724,6276,0.3724
1,32,FIFO,before,5217,4783,0.5217
1,32,FIFO,after,3867,6133,0.3867
1,32,LRU,before,5990,4010,0.599
1,32,LRU,after,3885,6115,0.3885
1,32,OPT,before,7072,2928,0.7072
1,32,OPT,after,5940,4060,0.594
1,32,Learned-static,before,6685,3315,0.6685
1,32,Learned-static,after,3532,6468,0.3532
1,32,Learned-adaptive,before,6812,3188,0.6812
1,32,Learned-adaptive,after,3690,6310,0.369
2,32,FIFO,before,5246,4754,0.5246
2,32,FIFO,after,3826,6174,0.3826
2,32,LRU,before,6029,3971,0.6029
2,32,LRU,after,3852,6148,0.3852
2,32,OPT,before,7099,2901,0.7099
2,32,OPT,after,5919,4081,0.5919
2,32,Learned-static,before,6698,3302,0.6698
2,32,Learned-static,after,3420,6580,0.342
2,32,Learned-adaptive,before,6924,3076,0.6924
2,32,Learned-adaptive,after,3652,6348,0.3652
3,32,FIFO,before,5239,4761,0.5239
3,32,FIFO,after,3935,6065,0.3935
3,32,LRU,before,6048,3952,0.6048
3,32,LRU,after,3949,6051,0.3949
3,32,OPT,before,7104,2896,0.7104
3,32,OPT,after,5979,4021,0.5979
3,32,Learned-static,before,6729,3271,0.6729
3,32,Learned-static,after,3461,6539,0.3461
3,32,Learned-adaptive,before,6911,3089,0.6911
3,32,Learned-adaptive,after,3679,6321,0.3679
4,32,FIFO,before,5243,4757,0.5243
4,32,FIFO,after,3760,6240,0.376
4,32,LRU,before,6023,3977,0.6023
4,32,LRU,after,3756,6244,0.3756
4,32,OPT,before,7077,2923,0.7077
4,32,OPT,after,5869,4131,0.5869
4,32,Learned-static,before,6696,3304,0.6696
4,32,Learned-static,after,3354,6646,0.3354
4,32,Learned-adaptive,before,6917,3083,0.6917
4,32,Learned-adaptive,after,3568,6432,0.3568
5,32,FIFO,before,5312,4688,0.5312
5,32,FIFO,after,4038,5962,0.4038
5,32,LRU,before,6107,3893,0.6107
5,32,LRU,after,4062,5938,0.4062
5,32,OPT,before,7148,2852,0.7148
5,32,OPT,after,6063,3937,0.6063
5,32,Learned-static,before,6805,3195,0.6805
5,32,Learned-static,after,3624,6376,0.3624
5,32,Learned-adaptive,before,6978,3022,0.6978
5,32,Learned-adaptive,after,3711,6289,0.3711
6,32,FIFO,before,5360,4640,0.536
6,32,FIFO,after,3723,6277,0.3723
6,32,LRU,before,6131,3869,0.6131
6,32,LRU,after,3725,6275,0.3725
6,32,OPT,before,7162,2838,0.7162
6,32,OPT,after,5848,4152,0.5848
6,32,Learned-static,before,6788,3212,0.6788
6,32,Learned-static,after,3349,6651,0.3349
6,32,Learned-adaptive,before,6946,3054,0.6946
6,32,Learned-adaptive,after,3444,6556,0.3444
7,32,FIFO,before,5243,4757,0.5243
7,32,FIFO,after,3779,6221,0.3779
7,32,LRU,before,6023,3977,0.6023
7,32,LRU,after,3787,6213,0.3787
7,32,OPT,before,7085,2915,0.7085
7,32,OPT,after,5861,4139,0.5861
7,32,Learned-static,before,6729,3271,0.6729
7,32,Learned-static,after,3273,6727,0.3273
7,32,Learned-adaptive,before,6931,3069,0.6931
7,32,Learned-adaptive,after,3586,6414,0.3586
8,32,FIFO,before,5231,4769,0.5231
8,32,FIFO,after,3660,6340,0.366
8,32,LRU,before,6013,3987,0.6013
8,32,LRU,after,3675,6325,0.3675
8,32,OPT,before,7090,2910,0.709
8,32,OPT,after,5840,4160,0.584
8,32,Learned-static,before,6698,3302,0.6698
8,32,Learned-static,after,3371,6629,0.3371
8,32,Learned-adaptive,before,6897,3103,0.6897
8,32,Learned-adaptive,after,3442,6558,0.3442
9,32,FIFO,before,5305,4695,0.5305
9,32,FIFO,after,3783,6217,0.3783
9,32,LRU,before,6090,3910,0.609
9,32,LRU,after,3786,6214,0.3786
9,32,OPT,before,7144,2856,0.7144
9,32,OPT,after,5857,4143,0.5857
9,32,Learned-static,before,6759,3241,0.6759
9,32,Learned-static,after,3297,6703,0.3297
9,32,Learned-adaptive,before,6963,3037,0.6963
9,32,Learned-adaptive,after,3547,6453,0.3547
0,64,FIFO,before,6069,3931,0.6069
0,64,FIFO,after,4777,5223,0.4777
0,64,LRU,before,6779,3221,0.6779
0,64,LRU,after,4794,5206,0.4794
0,64,OPT,before,7500,2500,0.75
0,64,OPT,after,7191,2809,0.7191
0,64,Learned-static,before,6982,3018,0.6982
0,64,Learned-static,after,4507,5493,0.4507
0,64,Learned-adaptive,before,6968,3032,0.6968
0,64,Learned-adaptive,after,4654,5346,0.4654
1,64,FIFO,before,6022,3978,0.6022
1,64,FIFO,after,4757,5243,0.4757
1,64,LRU,before,6714,3286,0.6714
1,64,LRU,after,4767,5233,0.4767
1,64,OPT,before,7456,2544,0.7456
1,64,OPT,after,7151,2849,0.7151
1,64,Learned-static,before,6937,3063,0.6937
1,64,Learned-static,after,4415,5585,0.4415
1,64,Learned-adaptive,before,6919,3081,0.6919
1,64,Learned-adaptive,after,4745,5255,0.4745
2,64,FIFO,before,6038,3962,0.6038
2,64,FIFO,after,4725,5275,0.4725
2,64,LRU,before,6743,3257,0.6743
2,64,LRU,after,4731,5269,0.4731
2,64,OPT,before,7483,2517,0.7483
2,64,OPT,after,7135,2865,0.7135
2,64,Learned-static,before,6965,3035,0.6965
2,64,Learned-static,after,4389,5611,0.4389
2,64,Learned-adaptive,before,6966,3034,0.6966
2,64,Learned-adaptive,after,4592,5408,0.4592
3,64,FIFO,before,6060,3940,0.606
3,64,FIFO,after,4830,5170,0.483
3,64,LRU,before,6759,3241,0.6759
3,64,LRU,after,4816,5184,0.4816
3,64,OPT,before,7488,2512,0.7488
3,64,OPT,after,7199,2801,0.7199
3,64,Learned-static,before,6971,3029,0.6971
3,64,Learned-static,after,4453,5547,0.4453
3,64,Learned-adaptive,before,6965,3035,0.6965
3,64,Learned-adaptive,after,4714,5286,0.4714
4,64,FIFO,before,6028,3972,0.6028
4,64,FIFO,after,4657,5343,0.4657
4,64,LRU,before,6724,3276,0.6724
4,64,LRU,after,4654,5346,0.4654
4,64,OPT,before,7461,2539,0.7461
4,64,OPT,after,7107,2893,0.7107
4,64,Learned-static,before,6943,3057,0.6943
4,64,Learned-static,after,4242,5758,0.4242
4,64,Learned-adaptive,before,6939,3061,0.6939
4,64,Learned-adaptive,after,4535,5465,0.4535
5,64,FIFO,before,6102,3898,0.6102
5,64,FIFO,after,4946,5054,0.4946
5,64,LRU,before,6825,3175,0.6825
5,64,LRU,after,4962,5038,0.4962
5,64,OPT,before,7532,2468,0.7532
5,64,OPT,after,7241,2759,0.7241
5,64,Learned-static,before,7013,2987,0.7013
5,64,Learned-static,after,4559,5441,0.4559
5,64,Learned-adaptive,before,6993,3007,0.6993
5,64,Learned-adaptive,after,4730,5270,0.473
6,64,FIFO,before,6133,3867,0.6133
6,64,FIFO,after,4655,5345,0.4655
6,64,LRU,before,6811,3189,0.6811
6,64,LRU,after,4640,5360,0.464
6,64,OPT,before,7546,2454,0.7546
6,64,OPT,after,7092,2908,0.7092
6,64,Learned-static,before,7029,2971,0.7029
6,64,Learned-static,after,4303,5697,0.4303
6,64,Learned-adaptive,before,7026,2974,0.7026
6,64,Learned-adaptive,after,4409,5591,0.4409
7,64,FIFO,before,6029,3971,0.6029
7,64,FIFO,after,4689,5311,0.4689
7,64,LRU,before,6732,3268,0.6732
7,64,LRU,after,4683,5317,0.4683
7,64,OPT,before,7469,2531,0.7469
7,64,OPT,after,7098,2902,0.7098
7,64,Learned-static,before,6950,3050,0.695
7,64,Learned-static,after,4259,5741,0.4259
7,64,Learned-adaptive,before,6941,3059,0.6941
7,64,Learned-adaptive,after,4466,5534,0.4466
8,64,FIFO,before,6036,3964,0.6036
8,64,FIFO,after,4570,5430,0.457
8,64,LRU,before,6738,3262,0.6738
8,64,LRU,after,4611,5389,0.4611
8,64,OPT,before,7474,2526,0.7474
8,64,OPT,after,7109,2891,0.7109
8,64,Learned-static,before,6954,3046,0.6954
8,64,Learned-static,after,4355,5645,0.4355
8,64,Learned-adaptive,before,6938,3062,0.6938
8,64,Learned-adaptive,after,4412,5588,0.4412
9,64,FIFO,before,6104,3896,0.6104
9,64,FIFO,after,4665,5335,0.4665
9,64,LRU,before,6809,3191,0.6809
9,64,LRU,after,4657,5343,0.4657
9,64,OPT,before,7528,2472,0.7528
9,64,OPT,after,7093,2907,0.7093
9,64,Learned-static,before,7008,2992,0.7008
9,64,Learned-static,after,4430,5570,0.443
9,64,Learned-adaptive,before,6956,3044,0.6956
9,64,Learned-adaptive,after,4604,5396,0.4604
