frames,policy,phase,hit_ratio_mean,hit_ratio_std,faults_mean,faults_std
16,FIFO,before,0.4140,0.0050,5859.8,50.4
16,FIFO,after,0.3380,0.0120,6619.9,120.0
16,LRU,before,0.4804,0.0055,5196.3,55.4
16,LRU,after,0.3392,0.0122,6607.7,121.7
16,OPT,before,0.6692,0.0034,3308.1,34.4
16,OPT,after,0.4899,0.0091,5100.6,90.6
16,Learned-static,before,0.6218,0.0060,3781.8,60.1
16,Learned-static,after,0.2121,0.0065,7878.6,64.7
16,Learned-adaptive,before,0.6237,0.0105,3763.4,104.6
16,Learned-adaptive,after,0.2925,0.0241,7075.1,240.7
32,FIFO,before,0.5268,0.0045,4732.0,45.4
32,FIFO,after,0.3829,0.0112,6171.0,112.4
32,LRU,before,0.6054,0.0046,3946.4,46.2
32,LRU,after,0.3842,0.0119,6158.1,118.8
32,OPT,before,0.7110,0.0032,2890.3,31.7
32,OPT,after,0.5914,0.0073,4086.1,72.6
32,Learned-static,before,0.6733,0.0041,3267.3,40.9
32,Learned-static,after,0.3422,0.0115,6577.7,115.1
32,Learned-adaptive,before,0.6920,0.0045,3079.9,45.1
32,Learned-adaptive,after,0.3604,0.0104,6395.7,104.3
64,FIFO,before,0.6062,0.0039,3937.9,38.8
64,FIFO,after,0.4727,0.0106,5272.9,106.5
64,LRU,before,0.6763,0.0040,3236.6,40.1
64,LRU,after,0.4731,0.0107,5268.5,106.6
64,OPT,before,0.7494,0.0032,2506.3,31.7
64,OPT,after,0.7142,0.0052,2858.4,52.4
64,Learned-static,before,0.6975,0.0032,3024.8,31.9
64,Learned-static,after,0.4391,0.0103,5608.8,103.4
64,Learned-adaptive,before,0.6961,0.0031,3038.9,30.8
64,Learned-adaptive,after,0.4586,0.0127,5413.9,127.4
